question,expected_answer,source_file
"В каком разделе заявитель может написать менеджеру ЛК, при возникновении вопросов по работе с ЛК ?",Мои письма,вопросы-Личный кабинет-По умолчанию для Личный кабинет-20260415-1058.txt
В каком разделе заявитель может ознакомиться с размещенными документами по заявке ?,Мои документы,вопросы-Личный кабинет-По умолчанию для Личный кабинет-20260415-1058.txt
В каком разделе заявитель может откорректировать свои личные данные ?,Мои данные,вопросы-Личный кабинет-По умолчанию для Личный кабинет-20260415-1058.txt
В течении какого срока менеджер ЛК производит проверку данных заявителя после регистрации Личного кабинета?,1 рабочий день,вопросы-Личный кабинет-По умолчанию для Личный кабинет-20260415-1058.txt
Для чего требуется подтверждение личности?,"Для возможности подписывать документы (договор, доп. соглашения и акты) через ЛК, посредствам ЭЦП.",вопросы-Личный кабинет-По умолчанию для Личный кабинет-20260415-1058.txt
"Есть ли необходимость регистрировать Личный кабинет, если заявку на ТП подавали очно в ЦОК?","Нет, при подачи заявки очно в ЦОК, сотрудник ОРПУ регистрирует Личный кабинет и выдает заявителю логин и временный пароль.",вопросы-Личный кабинет-По умолчанию для Личный кабинет-20260415-1058.txt
Есть ли у потребителя возможность изменить e-mail в личных данных заявителя?,"Да есть, в разделе Мои данные заявитель может изменить e-mail.",вопросы-Личный кабинет-По умолчанию для Личный кабинет-20260415-1058.txt
"Заявитель обращается в КЦ при заполнении заявки на ТП через ЛК и уточняет как указать адрес объекта, если улица и дом еще не присвоены? Действия оператора.","Оператор рекомендует указать адрес объекта так, как указано в документах на собственность. Если улица и номер дома еще не присвоен можно поставить 0 (ноль) или написать слово «нет». Закрывает обращение на 1-ой линии.",вопросы-Личный кабинет-По умолчанию для Личный кабинет-20260415-1058.txt
"Заявитель обращается в КЦ при заполнении заявки на ТП через ЛК и уточняет куда прикрепить документы других собственников, такого поля в ЛК нет. Действия оператора.","Оператор рекомендует прикрепить документы в любое другое поле, например не обязательное.",вопросы-Личный кабинет-По умолчанию для Личный кабинет-20260415-1058.txt
"Заявитель обращается в КЦ с проблемой в ЛК. Он не может подать заявку на ТП, так как выводится ошибка ""Личность не подтверждена, требуется подтвердить личность""","Оператор КЦ консультирует о том что данная запись носит информативный характер, заявку в ЛК можно подать без подтверждения личности.",вопросы-Личный кабинет-По умолчанию для Личный кабинет-20260415-1058.txt
"Заявитель получил акты ТП, в акте некорректно указана граница балансовой принадлежности. В течении какого времени он может обратиться в СО для корректировки актов?",Не позднее 20 рабочих дней со дня составления акта,вопросы-Личный кабинет-По умолчанию для Личный кабинет-20260415-1058.txt
Заявитель ФЛ не помнит пароль от ЛК. Личный кабинет был зарегистрирован очно в ЦОК специалистами ОРПУ. В ЛК еще ни разу не заходил. Действия оператора?,"Оператор регистрирует обращение на менеджера ЛК по тематике ""ТПП\: Запрос справочной информации по работе ЛК"" для сброса временного пароля.",вопросы-Личный кабинет-По умолчанию для Личный кабинет-20260415-1058.txt
Заявитель ФЛ не помнит пароль от ЛК. Личный кабинет был зарегистрирован очно в ЦОК специалистами ОРПУ. Заявитель уже заходил в ЛК поменял пароль и указал e-mail. Действия оператора?,"Оператор рекомендует воспользоваться сервисом ""Забыли свой пароль"" и закрывает обращение на 1-ой линии.",вопросы-Личный кабинет-По умолчанию для Личный кабинет-20260415-1058.txt
"Заявитель ФЛ не помнит пароль от ЛК. Личный кабинет был зарегистрирован самостоятельно, но у потребителя нет доступа к почте, которую он указывал при регистрации.",Оператор рекомендует обратиться очно в ЦОК/ПОК для получения нового пароля.,вопросы-Личный кабинет-По умолчанию для Личный кабинет-20260415-1058.txt
Заявитель ФЛ не помнит пароль от ЛК. Регистрацию проходил самостоятельно. Действия оператора?,"Оператор рекомендует воспользоваться сервисом ""Забыли свой пароль"" и закрывает обращение на 1-ой линии.",вопросы-Личный кабинет-По умолчанию для Личный кабинет-20260415-1058.txt
"Заявитель ЮЛ не помнит логин/ пароль от ЛК. Регистрацию проходил другой сотрудник компании, который уволился. Действия оператора?","Оператор рекомендует обратиться очно в ЦОК/ПОК для подачи письменного заявления на имя начальника ДТП ООО ""Башкирэнерго"".",вопросы-Личный кабинет-По умолчанию для Личный кабинет-20260415-1058.txt
Как заявитель может аннулировать заявку на ДУ через ЛК?,"Заявитель не может аннулировать заявку на ДУ через ЛК, только очно",вопросы-Личный кабинет-По умолчанию для Личный кабинет-20260415-1058.txt
Как заявитель может аннулировать заявку на ТП через ЛК?,"Подать обращение ""Отказ от ТП""",вопросы-Личный кабинет-По умолчанию для Личный кабинет-20260415-1058.txt
"Как заявитель может изменить параметры ТП (мощность, номинал напряжения) указанные в заявке ТП до заключения договора?",Аннулировать заявку на ТП и подать новую с корректным указанием параметров ТП,вопросы-Личный кабинет-По умолчанию для Личный кабинет-20260415-1058.txt
"Как заявитель может изменить параметры ТП (мощность, номинал напряжения) указанные заявке ТП, если договор уже заключен?","Подать заявку ""Внесение изменений в ТУ""",вопросы-Личный кабинет-По умолчанию для Личный кабинет-20260415-1058.txt
Как заявитель может расторгнуть договор ТП через ЛК?,"Подать обращение ""Отказ от ТП""",вопросы-Личный кабинет-По умолчанию для Личный кабинет-20260415-1058.txt
Как распечатать документы из Личного кабинета с сохранением ЭЦП сетевой организации?,"Не сохраняя на ПК открыть архив и вывести нужный документ на печать через кнопку ""Печать""",вопросы-Личный кабинет-По умолчанию для Личный кабинет-20260415-1058.txt
Какой вид заявки в ЛК выбирается в случае изменения категории надежности ранее подключенного объекта недвижимости ?,Обращение на изменение параметров подключенного объекта,вопросы-Личный кабинет-По умолчанию для Личный кабинет-20260415-1058.txt
Какой вид заявки в ЛК выбирается в случае необходимости переоформления документов ТП в связи со сменой собственника. Договор ТП еще не завершен.,Восстановление (переоформление) документов по действующему ТП,вопросы-Личный кабинет-По умолчанию для Личный кабинет-20260415-1058.txt
Какой вид заявки в ЛК выбирается в случае необходимости переоформления документов ТП в связи со сменой собственника. Объект подключен.,Восстановление (переоформление) документов по подключенному объекту,вопросы-Личный кабинет-По умолчанию для Личный кабинет-20260415-1058.txt
Какой вид заявки в ЛК выбирается в случае первичного подключения объекта недвижимости на постоянной основе?,Заявка на технологическое присоединение,вопросы-Личный кабинет-По умолчанию для Личный кабинет-20260415-1058.txt
"Какой вид заявки в ЛК выбирается в случае подачи заявки на платные услуги ""ТПП под ключ""?",Заявка на платные услуги,вопросы-Личный кабинет-По умолчанию для Личный кабинет-20260415-1058.txt
Какой вид заявки в ЛК выбирается в случае подключения объекта недвижимости путем перераспределения мощности от другого подключенного объекта недвижимости ?,Обращение на перераспределение мощности,вопросы-Личный кабинет-По умолчанию для Личный кабинет-20260415-1058.txt
Какой вид заявки в ЛК выбирается в случае увеличения мощности ранее подключенного объекта недвижимости ?,Обращение на увеличение мощности,вопросы-Личный кабинет-По умолчанию для Личный кабинет-20260415-1058.txt
Может ли заявитель приложить недостающие документы к заявке через ЛК?,"Да может, в разделе Мои Документы --> Электронные документы --> кнопка ""Приложить недостающие документы""",вопросы-Личный кабинет-По умолчанию для Личный кабинет-20260415-1058.txt
Можно ли через ЛК подать недостающие к документы к «Обращению»?,"Нет, недостающие документы к ""Обращению"" можно подать только очно в ЦОК/ПОК.",вопросы-Личный кабинет-По умолчанию для Личный кабинет-20260415-1058.txt
"После регистрации в ЛК потребитель не может подать заявку. Кнопка ""Новый документ"" не активна. Действия заявителя.","Необходимо подождать пока данные пройдут проверку менеджером ЛК, это занимает не более 1 рабочего дня.",вопросы-Личный кабинет-По умолчанию для Личный кабинет-20260415-1058.txt
Потребитель не может войти в ЛК по логину и паролю выданному в ЦОК. Оператору необходимо выяснить как заявитель вводит логин и пароль. Как задать правильный вопрос?,Продиктуйте пожалуйста как вы вводите логин и пароль?,вопросы-Личный кабинет-По умолчанию для Личный кабинет-20260415-1058.txt
Потребитель не может войти в ЛК. Оператору необходимо выяснить на каком сайте заявитель пробует авторизоваться. Как задать правильный вопрос?,"Продиктуйте пожалуйста название сайта, на котором вы пытаетесь пройти авторизацию?",вопросы-Личный кабинет-По умолчанию для Личный кабинет-20260415-1058.txt
"При входе в ЛК с логин/паролем выданным в ЦОК выходит ошибка ""Не правильный логин или пароль"". Действия оператора.","Оператор просит потребителя продиктовать как заявитель вводит логин/пароль и сверяет с данными, указанными в досье ТП, при необходимости корректирует потребителя.",вопросы-Личный кабинет-По умолчанию для Личный кабинет-20260415-1058.txt
"При регистрации Личного кабинета выходит сообщение ""Данный ИНН уже зарегистрирован"", что это означает?","Это означает что ЛК уже ранее был зарегистрирован, заявителю необходимо восстановить логин и пароль.",вопросы-Личный кабинет-По умолчанию для Личный кабинет-20260415-1058.txt
Режим работы Личного кабинета,В рабочие дни с 08\:00 до 23\:00,вопросы-Личный кабинет-По умолчанию для Личный кабинет-20260415-1058.txt
Требуется ли заполнение бумажного бланка заявки при подачи заявки на ТП через Личный кабинет?,По желанию,вопросы-Личный кабинет-По умолчанию для Личный кабинет-20260415-1058.txt
Через сутки после регистрации Личного кабинета выходит сообщение «Данные заполнены некорректно. Исправьте и заполните недостающие поля». Действия заявителя?,При проверке менеджером ЛК выявлены расхождения в данных.  Замечания можно просмотреть в разделе «Мои письма».,вопросы-Личный кабинет-По умолчанию для Личный кабинет-20260415-1058.txt
"Что означает сообщение «Данные проходят проверку менеджером личного кабинета. До окончания проверки, возможности повторного изменения данных и создания новых заявок заблокированы»","Необходимо подождать пока данные пройдут проверку менеджером ЛК, это занимает не более 1 рабочего дня, после этого заявителю будет доступен функционал подачи заявки.",вопросы-Личный кабинет-По умолчанию для Личный кабинет-20260415-1058.txt
В каком случае заявителю ФЛ будет отказано в заявке на ДУ?,"В случае присоединения классом напряжения свыше 0,4 кВ по III категории надежности.",вопросы-Реализация дополнительных услуг по ТПП-По умолчанию для Реализация дополнительных услуг по ТПП-20260415-1058.txt
"В КЦ обращается заявитель с вопросом «Необходимо изменить вид пакета на ДУ, счет еще не оплатил» действие оператора?",Оператор информирует о необходимости аннулировать\nзаявку и подать новую.,вопросы-Реализация дополнительных услуг по ТПП-По умолчанию для Реализация дополнительных услуг по ТПП-20260415-1058.txt
"В КЦ обращается\nзаявитель с вопросом «Подал заявление на Дополнительные услуги пакет «ТП под\nключ», но мне прислали уведомление об изменении состава услуг» Действие\nоператора?","Оператор информирует что в\nслучае, если сетевая организация не может выполнить объем работ, указанный в\nзаявке, но может оказать другие услуги, в таком случае заявителю разместят\nуведомление об изменении состава услуг.",вопросы-Реализация дополнительных услуг по ТПП-По умолчанию для Реализация дополнительных услуг по ТПП-20260415-1058.txt
"В КЦ обращается\nзаявитель с вопросом «При расторжении договора ДУ, будет ли возвращена\nзаявителю вся оплаченная сумма за ДУ?",Оператор информирует что при расторжении договора на дополнительные услуги возможно взыскание затраченных средств за разработку документов.,вопросы-Реализация дополнительных услуг по ТПП-По умолчанию для Реализация дополнительных услуг по ТПП-20260415-1058.txt
В КЦ обращается\nзаявитель с вопросом «Распространяется ли социальная льгота на стоимость ДУ»?,"Нет, не распространяется.",вопросы-Реализация дополнительных услуг по ТПП-По умолчанию для Реализация дополнительных услуг по ТПП-20260415-1058.txt
"В КЦ обращается заявитель с вопросом\nустановки трубостойки на участке, просит оказать консультацию о расстоянии от\nтрубостойки до опоры?","Оператор информирует о необходимости устанавливать\nтрубостойку ближе к границе участка (не в глубине), чтобы расстояние от опоры\nдо трубостойки не превышало 15 м, иначе будет доплата за каждый превышающий метр\nпровода СИП.",вопросы-Реализация дополнительных услуг по ТПП-По умолчанию для Реализация дополнительных услуг по ТПП-20260415-1058.txt
"В КЦ обращается заявитель, при выполнении ДУ в\nрамках договора ТП, сотрудники попросили на руки деньги в размере 4000 т.р.\nДействия оператора?",Оператор регистрирует обращение «Жалоба на работу сотрудников по функциональному направлению (ТПП)».,вопросы-Реализация дополнительных услуг по ТПП-По умолчанию для Реализация дополнительных услуг по ТПП-20260415-1058.txt
"В КЦ обращается заявитель, срок договора ДУ\nпросрочен на 10 дней. Действия оператора?",Оператор регистрирует обращение «Жалоба на работу\nсотрудников по функциональному направлению (ТПП)».,вопросы-Реализация дополнительных услуг по ТПП-По умолчанию для Реализация дополнительных услуг по ТПП-20260415-1058.txt
В КЦ\nобращается потребитель с вопросом по самостоятельному фактическому\nприсоединению с просьбой проконсультировать. Действие оператора?,"В обязанности СО не входит консультация заявителей по самостоятельному фактическому присоединению. Оператор предлагает заявителю обратиться в специализированную организацию, которая занимается электромонтажом или оформить договор на ДУ.",вопросы-Реализация дополнительных услуг по ТПП-По умолчанию для Реализация дополнительных услуг по ТПП-20260415-1058.txt
"В КЦ обращается потребитель с вопросом\:\n""Есть ли необходимость подписания и возврата договора на дополнительные\nуслуги?».",Подписывать и возвращать договор нет необходимости.,вопросы-Реализация дополнительных услуг по ТПП-По умолчанию для Реализация дополнительных услуг по ТПП-20260415-1058.txt
"В КЦ обращается\nпотребитель с вопросом\: ""Есть ли необходимость подписания и возврата доп.\nсоглашения на изменение сроков подключения по договору на дополнительные\nуслуги?»",Дополнительное соглашение необходимо подписать и вернуть в СО.,вопросы-Реализация дополнительных услуг по ТПП-По умолчанию для Реализация дополнительных услуг по ТПП-20260415-1058.txt
"В случае если заявитель не явился в назначенный срок или подготовил материал, не соответствующий ТУ – какую сумму составит повторный выезд бригады?\n\n",6 000 руб.,вопросы-Реализация дополнительных услуг по ТПП-По умолчанию для Реализация дополнительных услуг по ТПП-20260415-1058.txt
В течении какого времени заявитель обязан\nоплатить счет по договору дополнительных услуг?,В течении 5 рабочих дней.,вопросы-Реализация дополнительных услуг по ТПП-По умолчанию для Реализация дополнительных услуг по ТПП-20260415-1058.txt
\nВ течении какого времени инженер ОПП выезжает на объект для определения возможности оказания Дополнительных услуг?\n\n,"В течении 3 рабочих дней, после подачи обращения на ДУ.",вопросы-Реализация дополнительных услуг по ТПП-По умолчанию для Реализация дополнительных услуг по ТПП-20260415-1058.txt
Договор на ДУ является заключенным с момента?,С момента поступления денежных средств на р/с ООО\n«Башкирэнерго».,вопросы-Реализация дополнительных услуг по ТПП-По умолчанию для Реализация дополнительных услуг по ТПП-20260415-1058.txt
Должен\nли инженер ОПП СО оказывать консультацию по инструкции на самостоятельное\nфактическое присоединение?,В обязанности СО не входит консультация заявителей по самостоятельному\nфактическому присоединению.,вопросы-Реализация дополнительных услуг по ТПП-По умолчанию для Реализация дополнительных услуг по ТПП-20260415-1058.txt
Если у заявителя нет объекта ТП (земельный\nучасток без построек) сможет ли он подать заявку на ДУ пакет «ТП под ключ»?,"Да, в случае если установит трубостойку, соответствующую требованиям электромонтажа до проведения обследования инженера ОПП.",вопросы-Реализация дополнительных услуг по ТПП-По умолчанию для Реализация дополнительных услуг по ТПП-20260415-1058.txt
"Есть ли возможность подать заявку на ДУ в случае, если заявку подает ФЛ 20 кВт?","Да, можно.",вопросы-Реализация дополнительных услуг по ТПП-По умолчанию для Реализация дополнительных услуг по ТПП-20260415-1058.txt
Есть ли возможность\nподать заявку на ДУ после завершения основного договора ТП?,"Да,\nвозможно.",вопросы-Реализация дополнительных услуг по ТПП-По умолчанию для Реализация дополнительных услуг по ТПП-20260415-1058.txt
Есть ли возможность расторгнуть договор на ДУ через ЛК?,"Нет, такой возможности нет, необходимо обращаться только очно в ЦОК/ПОК",вопросы-Реализация дополнительных услуг по ТПП-По умолчанию для Реализация дополнительных услуг по ТПП-20260415-1058.txt
Имеет ли право Сетевая\nорганизация отказать в оказании дополнительных услуг?,"Да, Сетевая организация имеет право отказать в\nоказании дополнительных услуг, в таком случае потребителю размещается в ЛК\nуведомление с причинами отказа.",вопросы-Реализация дополнительных услуг по ТПП-По умолчанию для Реализация дополнительных услуг по ТПП-20260415-1058.txt
Как\nвыполнить подключение если СО отказала в оказании Дополнительных услуг?,"Если ООО Башкирэнерго отказывает в оказании платной услуги по\nфактическому присоединению, то заявителю необходимо самостоятельно, с\nпривлечением сторонних специалистов выполнить фактическое присоединение.",вопросы-Реализация дополнительных услуг по ТПП-По умолчанию для Реализация дополнительных услуг по ТПП-20260415-1058.txt
Как определяется\nтехническая возможность оказания ДУ?,Техническая возможность оказания ДУ определяется\nинженером ОПП при выезде на объект заявителя.,вопросы-Реализация дополнительных услуг по ТПП-По умолчанию для Реализация дополнительных услуг по ТПП-20260415-1058.txt
"Какие мероприятия,\nвыполняются Сетевой организацией при фактическом подключении объектов заявителей, проходящих процедуру ТПП\nпо упрощенной схеме взаимодействия, без\nдоговора на Дополнительные услуги?","СО выполняет со своей стороны мероприятия в соответствии с Техническими условиями, в том числе устанавливает прибор учета на границе балансовой принадлежности и оставляет его под напряжением.",вопросы-Реализация дополнительных услуг по ТПП-По умолчанию для Реализация дополнительных услуг по ТПП-20260415-1058.txt
Каким способом осуществляется подача заявки на\nДополнительные услуги?,Подача заявки осуществляется перечисленными двумя\nспособами.,вопросы-Реализация дополнительных услуг по ТПП-По умолчанию для Реализация дополнительных услуг по ТПП-20260415-1058.txt
Каковы могут быть причины расторжения договора в одностороннем порядке по\nинициативе ООО «Башкирэнерго»?,Оба варианта.,вопросы-Реализация дополнительных услуг по ТПП-По умолчанию для Реализация дополнительных услуг по ТПП-20260415-1058.txt
"Какое обязательное условие должно быть выполнено для оказания услуги ""ТП за 30 дней ФЛ до 150 кВт"" ?",оба варианта,вопросы-Реализация дополнительных услуг по ТПП-По умолчанию для Реализация дополнительных услуг по ТПП-20260415-1058.txt
"Какой пакет документов требуется для подачи заявки на Дополнительные услуги, в случае если заявка подается в рамках действующего договора ТП?","Необходимо заполнить заявление на ДУ, приложить банковские реквизиты,\nдля осуществления взаиморасчетов и доверенность (если обращается представитель).",вопросы-Реализация дополнительных услуг по ТПП-По умолчанию для Реализация дополнительных услуг по ТПП-20260415-1058.txt
"Какой пакет документов требуется для подачи заявки ФЛ\nна Дополнительные услуги, в случае если заявка подается без договора ТП\n(требуется замена вводного СИП-кабеля)?","Необходим пакет документов\: копии паспорта, СНИЛС,\nИНН, копия документа, подтверждающего право собственности, банковские\nреквизиты, доверенность (если обращается представитель, заполненная заявка на\nДУ).",вопросы-Реализация дополнительных услуг по ТПП-По умолчанию для Реализация дополнительных услуг по ТПП-20260415-1058.txt
"\nКакой пакет документов требуется для подачи заявки ФЛ на Дополнительные услуги, в случае если заявка подается после завершения договора ТП?\n\n","Необходим пакет документов\: копии паспорта, СНИЛС, ИНН, копия документа, подтверждающего право собственности, банковские реквизиты, доверенность (если обращается представитель, заполненная заявка на ДУ).",вопросы-Реализация дополнительных услуг по ТПП-По умолчанию для Реализация дополнительных услуг по ТПП-20260415-1058.txt
"Какой пакет ДУ подразумевает\: \n\n- монтаж кабельной линии и соответствующей\nарматуры, предоставленной Заявителем, вдоль тела опоры до шкафа учета;\n\n- фактическое присоединение к электрическим\nсетям «Башкирэнерго».",Фактическое Присоединение без подъема на опору.,вопросы-Реализация дополнительных услуг по ТПП-По умолчанию для Реализация дополнительных услуг по ТПП-20260415-1058.txt
"Какой\nпакет ДУ подразумевает\: -\nмонтаж ответвления от шкафа учета, установленного на опоре, до ВРУ\nустановленного на фасаде объекта присоединения проводом СИП; \n\n- фактическое\nприсоединение провода СИП к электрическим сетям ООО БЭ?\n\n",Пакет «Минимум».,вопросы-Реализация дополнительных услуг по ТПП-По умолчанию для Реализация дополнительных услуг по ТПП-20260415-1058.txt
"Какой пакет ДУ подразумевает\:\n• Установка пластикового распределительного щита (РЩ) на фасаде объекта \n• Установка автоматических выключателей\n• Установка розетки 220В внутри корпуса распределительного щита\n• Монтаж ответвления от шкафа учета, установленного на опоре, до вводного распределительного устройства Заказчика проводом СИП в воздушном исполнении (при расположении объекта не далее 15 метров от опоры) (Используется материал ООО «Башкирэнерго»)\n• Фактическое присоединение провода СИП к электрическим сетям ООО «Башкирэнерго»",Пакет «ТП под ключ».,вопросы-Реализация дополнительных услуг по ТПП-По умолчанию для Реализация дополнительных услуг по ТПП-20260415-1058.txt
"Какой пакет ДУ подразумевает\:\n\n- монтаж провода СИП и соответствующей\nарматуры, предоставленной Заявителем, вдоль тела опоры до шкафа учета;\n\n- фактическое присоединение к электрическим\nсетям «Башкирэнерго»",Фактическое Присоединение с подъемом на опору.,вопросы-Реализация дополнительных услуг по ТПП-По умолчанию для Реализация дополнительных услуг по ТПП-20260415-1058.txt
Какой срок рассмотрения сетевой организацией заявки на ДУ?,10 рабочих дней.,вопросы-Реализация дополнительных услуг по ТПП-По умолчанию для Реализация дополнительных услуг по ТПП-20260415-1058.txt
\nКакой установлен срок на возврат денежных средств при расторжении договора на Дополнительные услуги?,\nДенежные средства возвращают в течении 30 банковских дней.,вопросы-Реализация дополнительных услуг по ТПП-По умолчанию для Реализация дополнительных услуг по ТПП-20260415-1058.txt
Какую форму заявки необходимо\nвыбрать в ЛК для подачи обращения на ДУ?,Заявление на платные услуги.,вопросы-Реализация дополнительных услуг по ТПП-По умолчанию для Реализация дополнительных услуг по ТПП-20260415-1058.txt
Кто может выполнить\nсамостоятельное фактическое подключение?,"Во избежание поражения электрическим током, работы по самостоятельному фактическому подключению должны проводиться квалифицированным, соответствующим образом подготовленным и обученным персоналом заявителя или сотрудниками ООО «Башкирэнерго».",вопросы-Реализация дополнительных услуг по ТПП-По умолчанию для Реализация дополнительных услуг по ТПП-20260415-1058.txt
Кто может подписать акты во время фактического\nприсоединения?,Заявитель или доверенное лицо на основание доверенности.,вопросы-Реализация дополнительных услуг по ТПП-По умолчанию для Реализация дополнительных услуг по ТПП-20260415-1058.txt
"Может ли СО изменить вид\nдополнительных услуг, указанных в заявке на ДУ?","Да, может. В случае если сетевая организация не может\nвыполнить объем работ, указанный в заявке, но может оказать другие услуги, в\nтаком случае заявителю разместят уведомление об изменении состава услуг.",вопросы-Реализация дополнительных услуг по ТПП-По умолчанию для Реализация дополнительных услуг по ТПП-20260415-1058.txt
Может ли собственник участка СНТ подать заявку на Дополнительные услуги?,"Да, может, если объект находится в СНТ, сети которых принадлежат ООО «Башкирэнерго» и не требуется согласование с иными владельцами сети.",вопросы-Реализация дополнительных услуг по ТПП-По умолчанию для Реализация дополнительных услуг по ТПП-20260415-1058.txt
"На каком основании в обязанности сетевой организации\nне входит выполнение мероприятий по фактическому присоединению объектов заявителей,\nпроходящих процедуру ТПП по упрощенной схеме взаимодействия?",п. 108 Постановления Правительства РФ №861 от 27.12.2004 г.,вопросы-Реализация дополнительных услуг по ТПП-По умолчанию для Реализация дополнительных услуг по ТПП-20260415-1058.txt
Необходим ли выезд инженера ОПП для определения возможности оказания Дополнительных услуг?,"Да, необходим.",вопросы-Реализация дополнительных услуг по ТПП-По умолчанию для Реализация дополнительных услуг по ТПП-20260415-1058.txt
Потребитель ФЛ до 150 кВт хочет узнать есть ли техническая возможность подключения его объекта. Какую услугу может предложить оператор?,Выдача предварительных технических условий на технологическое присоединение до 500 кВт,вопросы-Реализация дополнительных услуг по ТПП-По умолчанию для Реализация дополнительных услуг по ТПП-20260415-1058.txt
Предусмотрена ли\nрассрочка платежа при оплате счета на Дополнительные услуги для бюджетных\nорганизаций?,Да в случае заключения договора с бюджетной\nорганизацией есть возможность оплаты счета по графику платежей 30/70.,вопросы-Реализация дополнительных услуг по ТПП-По умолчанию для Реализация дополнительных услуг по ТПП-20260415-1058.txt
При каких\nобстоятельствах СО может отказать в оказании дополнительных услуг?,В обоих случаях.,вопросы-Реализация дополнительных услуг по ТПП-По умолчанию для Реализация дополнительных услуг по ТПП-20260415-1058.txt
При каких\nобстоятельствах СО может отказать в оказании дополнительных услуг?,"В случае если работы по фактическому подключению\nнеобходимо произвести кабельным вводом, под землей.",вопросы-Реализация дополнительных услуг по ТПП-По умолчанию для Реализация дополнительных услуг по ТПП-20260415-1058.txt
"Срок выполнения Дополнительных услуг в случае, если нет действующего договора ТП?",30 рабочих дней с даты заключения договора ДУ.,вопросы-Реализация дополнительных услуг по ТПП-По умолчанию для Реализация дополнительных услуг по ТПП-20260415-1058.txt
Срок рассмотрения заявки\nна ДУ?,10 рабочих дней.,вопросы-Реализация дополнительных услуг по ТПП-По умолчанию для Реализация дополнительных услуг по ТПП-20260415-1058.txt
Сроки выполнения Дополнительных услуг в рамках\nдействующего договора ТП?,В срок исполнения основного договора ТП.,вопросы-Реализация дополнительных услуг по ТПП-По умолчанию для Реализация дополнительных услуг по ТПП-20260415-1058.txt
Стоимость услуги «Выезд бригады ООО «Башкирэнерго» для оказания услуг»?,5 000 руб.,вопросы-Реализация дополнительных услуг по ТПП-По умолчанию для Реализация дополнительных услуг по ТПП-20260415-1058.txt
Стоимость услуги «Выезд бригады ООО «Башкирэнерго» для допуска персонала Заказчика для выполнения работ в действующей электроустановке»?\n\n,5000 руб.,вопросы-Реализация дополнительных услуг по ТПП-По умолчанию для Реализация дополнительных услуг по ТПП-20260415-1058.txt
Стоимость услуги «Пакет минимум» при подключении объекта по напряжению 220 В?,14 000 руб.,вопросы-Реализация дополнительных услуг по ТПП-По умолчанию для Реализация дополнительных услуг по ТПП-20260415-1058.txt
Стоимость услуги «Пакет минимум» при подключении объекта по напряжению 380 В?,17 000 руб.,вопросы-Реализация дополнительных услуг по ТПП-По умолчанию для Реализация дополнительных услуг по ТПП-20260415-1058.txt
Стоимость услуги «ТП за 30 дней ФЛ до 150 кВт»?,85 000,вопросы-Реализация дополнительных услуг по ТПП-По умолчанию для Реализация дополнительных услуг по ТПП-20260415-1058.txt
Стоимость услуги «ТП под ключ» при подключении объекта по напряжению 220 В?\n\n,21 500 руб.,вопросы-Реализация дополнительных услуг по ТПП-По умолчанию для Реализация дополнительных услуг по ТПП-20260415-1058.txt
Стоимость услуги «ТП под ключ» при подключении объекта по напряжению 380 В?\n,26 000 руб.,вопросы-Реализация дополнительных услуг по ТПП-По умолчанию для Реализация дополнительных услуг по ТПП-20260415-1058.txt
"Стоимость услуги «Фактическое присоединение кабеля Заказчика к электрическим сетям ООО ""Башкирэнерго"" без подъема на опору» при подключении объекта по напряжению 220 В?",6 000 руб.,вопросы-Реализация дополнительных услуг по ТПП-По умолчанию для Реализация дополнительных услуг по ТПП-20260415-1058.txt
"Стоимость услуги «Фактическое присоединение кабеля Заказчика к электрическим сетям ООО ""Башкирэнерго"" без подъема на опору» при подключении объекта по напряжению 380 В?",6 000 руб.,вопросы-Реализация дополнительных услуг по ТПП-По умолчанию для Реализация дополнительных услуг по ТПП-20260415-1058.txt
"Стоимость услуги «Фактическое присоединение ответвления Заказчика к электрическим сетям ООО ""Башкирэнерго"" с подъемом на опору» при подключении объекта по напряжению 220 В?",8 000 руб.,вопросы-Реализация дополнительных услуг по ТПП-По умолчанию для Реализация дополнительных услуг по ТПП-20260415-1058.txt
"Стоимость услуги «Фактическое присоединение ответвления Заказчика к электрическим сетям ООО ""Башкирэнерго"" с подъемом на опору» при подключении объекта по напряжению 380 В?",8 000 руб.,вопросы-Реализация дополнительных услуг по ТПП-По умолчанию для Реализация дополнительных услуг по ТПП-20260415-1058.txt
Существует ли рассрочка платежа при оплате\nсчета на Дополнительные услуги?,"Рассрочка оплаты не предусмотрена, договор заключается по 100%\nпредоплате, в исключительных случаях рассрочка платежа предоставляется для\nбюджетных организаций.",вопросы-Реализация дополнительных услуг по ТПП-По умолчанию для Реализация дополнительных услуг по ТПП-20260415-1058.txt
Потребитель не успевает выполнить ТУ. Возможно ли продлить срок действия договора ТП?,"Да, обратившись очно в ЦОК /ПОК или через ЛК.",вопросы-ТПП-По умолчанию для ТПП-20260415-1057.txt
"Заявитель обращается в КЦ с вопросом, почему ему отказали в заявке на технологическое присоединение, заявка была подана на объект находящийся на территории СНТ.","Оператор КЦ консультирует потребителя о необходимости подачи заявки на ТП председателем СНТ, на основании ПП РФ №861 от 24.12.2004 г. п. 8 (5).",вопросы-ТПП-По умолчанию для ТПП-20260415-1057.txt
"В какие сроки СО обязана подготовить дубликаты либо восстановить/переоформить документы о ТП, в случае осуществления технологического присоединения после 1 января 2010 г?",7 дней.,вопросы-ТПП-По умолчанию для ТПП-20260415-1057.txt
"В какие сроки СО обязана произвести повторную проверку выполнених заявителем ТУ, после поступления уведомления об устранении замечаний, выявленных в процесе предыдущей проверки выполнения ТУ?",3 дня.,вопросы-ТПП-По умолчанию для ТПП-20260415-1057.txt
В какие сроки СО осуществляет фактическое подключения по временного договору ТП?,"15 рабочих дней, с момента заключения договора, с учетов выполнения ТУ заявителем.",вопросы-ТПП-По умолчанию для ТПП-20260415-1057.txt
В каких случаях при подаче заявки на ТП требуется письменное согласие на обработку персональных данных.,Только при подаче заявки на ТП очно или почтой России,вопросы-ТПП-По умолчанию для ТПП-20260415-1057.txt
В каких случаях при подаче заявки на ТП требуется письменное согласие на обработку персональных данных.,Только при подаче заявки на ТП очно или почтой России,вопросы-ТПП-По умолчанию для ТПП-20260415-1057.txt
В каких случаях при подаче заявки на ТП требуется согласие на обработку персональных данных?,Требуется всегда.,вопросы-ТПП-По умолчанию для ТПП-20260415-1057.txt
"В каких случаях СО может отказать заявителю в технологическом присоединении к сетям ООО ""Башкирэнерго""?","В случае если у заявителя уже есть технологическое присоединение или он не относится к зоне обслуживания ООО ""Башкирэнерго"".",вопросы-ТПП-По умолчанию для ТПП-20260415-1057.txt
"В каких случаях СО может отказать заявителю в технологическом присоединении к сетям ООО ""Башкирэнерго""?","В случае если у заявителя уже есть технологическое присоединение или его адрес не относится к зоне обслуживания ООО ""Башкирэнерго"".",вопросы-ТПП-По умолчанию для ТПП-20260415-1057.txt
:[html]В какой срок должна быть произведена оплата по услуге «Подготовка Соглашения о перераспределении мощности»\:,10 рабочих дней с момента получения СМС о размещении договора в Личном кабинете.,вопросы-ТПП-По умолчанию для ТПП-20260415-1057.txt
:[html]В какой срок должны быть подготовлены документы по услуге «Подготовка Соглашения о перераспределении мощности»\:,15 рабочих дней.,вопросы-ТПП-По умолчанию для ТПП-20260415-1057.txt
"В какой срок сетевая организация направляет гарантирующему поставщику акты допуска ПУ и акты ТП, после фактического подключения заявителя?",В течение 2 рабочих дней.,вопросы-ТПП-По умолчанию для ТПП-20260415-1057.txt
"В какой срок сетевая организация направляет гарантирующему поставщику акты допуска ПУ и акты ТП, после фактического подключния заявителя?",В течение 2 рабочих дней.,вопросы-ТПП-По умолчанию для ТПП-20260415-1057.txt
В какой форме заявитель ФЛ до 15 кВт может направить протокол\nразногласий?,"Протокол разногласий можно отправить в свободной форме обращения в\nЛК/ЦОК/Почтой России, с указанием пунктов, с которыми не согласен\nпотребитель.",вопросы-ТПП-По умолчанию для ТПП-20260415-1057.txt
В какой форме заявитель ФЛ до 15 кВт может направить протокол разногласий?,"Протокол разногласий можно отправить в свободной форме обращения в ЛК/ЦОК/Почтой России, с указанием пунктов, с которыми не согласен потребитель.",вопросы-ТПП-По умолчанию для ТПП-20260415-1057.txt
В Контактный центр обращается заявитель СНТ по вопросу просроченного договора ТП. Действия оператора?,"Оператор использует статус СНТ и стандартную формулировку по СНТ, предлагает заявителю обратиться письменно в адрес ПО и закрывает обращение на 1-ой линии.",вопросы-ТПП-По умолчанию для ТПП-20260415-1057.txt
В КЦ обращается заявитель с вопросом из чего сложилась стоимость за ТПП?\nДействия оператора?,"Оператор предлагает потребителю самостоятельно ознакомиться с\nкалькуляцией услуг по которой велся расчет, в пакете документов размещенных в\nЛК должен быть PDF файл ""Расчет стоимости"". И закрывает обращение на\n1 линии.",вопросы-ТПП-По умолчанию для ТПП-20260415-1057.txt
"В КЦ обращается заявитель с претензией, он не согласен со стоимостью договора ТП и хочет получить услугу по льготной категории 550 руб? Действия оператора?","Оператор консультирует заявителя об изменениях в расчете стоимости за ТП с 01.07.2022 и предлагает направить протокол разногласий по договору, закрывает обращение на 1 линии.",вопросы-ТПП-По умолчанию для ТПП-20260415-1057.txt
"В КЦ обращается потребитель с вопросом\: ""Есть ли необходимость подписания актов ТП после фактического подключения к сетям ООО ""Башкирэнерго""?"" ЮЛ 100 кВт по 3 категории надежности.",Нет необходимости подписывать акты ТП.,вопросы-ТПП-По умолчанию для ТПП-20260415-1057.txt
"В КЦ обращается потребитель с вопросом\: ""Есть ли необходимость подписания актов ТП после фактического присоединения к сетям ООО ""Башкирэнерго""?"" ФЛ 20 кВт по 3 категории надежности.",Необходимо подписать акты ТП и вернуть в СО.,вопросы-ТПП-По умолчанию для ТПП-20260415-1057.txt
"В КЦ обращается потребитель с вопросом\: ""Есть ли необходимость подписания актов ТП после фактического подключения к сетям ООО ""Башкирэнерго""?"" ЮЛ 180 кВт по 3 категории надежности.",Необходимо подписать акты ТП и вернуть в СО.,вопросы-ТПП-По умолчанию для ТПП-20260415-1057.txt
"В КЦ обращается потребитель с вопросом\: ""Есть ли необходимость подписания актов ТП после фактического подключения к сетям ООО ""Башкирэнерго""?"" ФЛ 15 кВт по 3 категории надежности.","Подписывать акты ТП необходимо, в случае если заявка была подана до 01.07.2020 г.",вопросы-ТПП-По умолчанию для ТПП-20260415-1057.txt
"В КЦ обращается потребитель с вопросом\: ""Есть ли необходимость подписания актов ТП после фактического подключения к сетям ООО ""Башкирэнерго""?"" Потребитель подключен 01.09.2020 г. ЮЛ 100 кВт по 3 категории надежности.","Подписывать акты ТП необходимо, в случае если заявка была подана до 01.07.2020 г.",вопросы-ТПП-По умолчанию для ТПП-20260415-1057.txt
"В КЦ обращается потребитель с вопросом\: ""Есть ли необходимость подписания актов ТП после фактического присоединения к сетям ООО ""Башкирэнерго""?"" Потребитель подключен 01.08.2020 г. ФЛ 20 кВт по 3 категории надежности.",Необходимо подписать акты ТП и вернуть в СО.,вопросы-ТПП-По умолчанию для ТПП-20260415-1057.txt
"В КЦ обращается потребитель с вопросом\: ""Есть ли необходимость подписания актов ТП после фактического подключения к сетям ООО ""Башкирэнерго""?"" Потребитель подключен 01.09.2020 г. ЮЛ 180 кВт по 3 категории надежности.",Необходимо подписать акты ТП и вернуть в СО.,вопросы-ТПП-По умолчанию для ТПП-20260415-1057.txt
"В КЦ обращается потребитель с вопросом\: ""Есть ли необходимость подписания актов ТП после фактического подключения к сетям ООО ""Башкирэнерго""?"" Потребитель подключен 01.10.2020 г. ФЛ 15 кВт по 3 категории надежности.","Подписывать акты ТП необходимо, в случае если заявка была подана до 01.07.2020 г.",вопросы-ТПП-По умолчанию для ТПП-20260415-1057.txt
"В КЦ обращается собственник СНТ с претензией ""На каком основании произвели отключение электроэнергии на зимний период?"" У собственника участка в  СНТ коллективный договор ЭСКБ, оплату производят председателю. Действия оператора КЦ?",Оператор КЦ советует обратиться к Председателю СНТ.,вопросы-ТПП-По умолчанию для ТПП-20260415-1057.txt
"В КЦ обращается собственник СНТ с претензией ""На каком основании произвели отключение электроэнергии на зимний период?"" и требует оказать юридическую консультацию о правомерности отключения э/э. Действия оператора КЦ?",Оператор КЦ советует обратиться к Председателю СНТ.,вопросы-ТПП-По умолчанию для ТПП-20260415-1057.txt
В КЦ обращается собственник СНТ с просьбой определить каким образом будет произведено подключение - напрямую к сетям БЭ или через сети СНТ? Действия оператора?,"Оператор КЦ консультирует заявителя о том, что для определения схемы подключения требуется обследование и составление ТУ, для этого собственник СНТ должен подать заявку на ТП.",вопросы-ТПП-По умолчанию для ТПП-20260415-1057.txt
"В КЦ обращается собственник СНТ с прямым договором ЭСКБ с претензией ""На каком основании произвели отключение электроэнергии на зимний период?"" и требует подключить свет. Действия оператора КЦ?","Оператор КЦ регистрирует обращение на диспетчера  ""Жалоба на отключение э/э (ответ в свободной форме)""",вопросы-ТПП-По умолчанию для ТПП-20260415-1057.txt
Потребителю Иванову А.А. необходимо восстановить акт ТП и получить дубликат ТУ. Сколько будет стоить услуга?,1000 рублей за всю процедуру вне зависимости от количества переоформленых/восстанавленных документов.,вопросы-ТПП-По умолчанию для ТПП-20260415-1057.txt
Включает ли стоимость ТПП 550 рублей по льготной категории стоимость Прибора учета и его установку?,Включает в себя стоимость и установку ПУ.,вопросы-ТПП-По умолчанию для ТПП-20260415-1057.txt
Включает ли стоимость ТПП 550 рублей по льготной категории стоимость Прибора учета и его установку?,Включает в себя стоимость и установку ПУ.,вопросы-ТПП-По умолчанию для ТПП-20260415-1057.txt
Возможно ли ускорить процесс технологического присоединения? (Подключить за 2 меяца а не за 4 месяца),"Нет, все заявки обрабатываются в порядке очередности.",вопросы-ТПП-По умолчанию для ТПП-20260415-1057.txt
Возможно ли ускорить процесс технологического присоединения?,"Правила технологического присоединения не предусматривают ускорение процедуры ТПП. Оператор рекомендует заявителю обратиться с официальным запросом в адрес ПО, с указанием причин ускорения процесса ТПП.",вопросы-ТПП-По умолчанию для ТПП-20260415-1057.txt
"Для каких категорий заявителей действует упрощенная схема взаимодействия с СО, по которой оплата счета является согласием с условиями договора ТП и не требует фактического подписания договора?","Для ФЛ с заявленной мощностью до 15 кВт и ЮЛ/ИП с заявленной мощностью до 150 кВт по 2 и 3 категории надежности, подавших заявку после 01.07.2020 г.",вопросы-ТПП-По умолчанию для ТПП-20260415-1057.txt
"Для каких категорий заявителей действует упрощенная схема взаимодействия с СО, по которой оплата счета является согласием с условиями договора ТП и не требует фактического подписания договора?","Для ФЛ с заявленной мощностью до 15 кВт и ЮЛ/ИП с заявленной мощностью до 150 кВт по 2 и 3 категории надежности, подавших заявку после 01.07.2020 г.",вопросы-ТПП-По умолчанию для ТПП-20260415-1057.txt
"Для каких категорий заявителей действует упрощенная схема взаимодействия с СО, по которой оплата счета является согласием с условиями договора ТП и не требует фактического подписания договора ТП?","Для ФЛ с заявленной мощностью до 15 кВт и ЮЛ/ИП с заявленной мощностью до 150 кВт по 2 и 3 категории надежности, подавших заявку после 01.07.2020 г.",вопросы-ТПП-По умолчанию для ТПП-20260415-1057.txt
Для переоформления лицевого счета ЭСКБ требуют от потребителя акты ТП. Как восстановить акты ТП?,"Потребитель может обратится в ЦОК/ПОК для заключение договора на возмездные услуги, оплатить сумму по договору, ему выдадут дубликаты актов ТП.",вопросы-ТПП-По умолчанию для ТПП-20260415-1057.txt
Для чего требуется подтверждение личности?,"Для возможности подписывать документы (договора, дополнительные соглашения и акты) через ЛК, посредствам ЭЦП.",вопросы-ТПП-По умолчанию для ТПП-20260415-1057.txt
Для чего требуется подтверждение личности?,"Для возможности подписывать документы (договора, дополнительные соглашения и акты) через ЛК, посредствам ЭЦП.",вопросы-ТПП-По умолчанию для ТПП-20260415-1057.txt
Для чего требуется подтверждение личности?,"Для возможности подписывать документы (договор, допсоглашения и акты) через ЛК, посредствам ЭЦП.",вопросы-ТПП-По умолчанию для ТПП-20260415-1057.txt
"Договор по услуге ""Подготовка Соглашения о перераспределении мощности"" считается заключенным\:",с даты поступления всей суммы денежных средств на счет исполнителя,вопросы-ТПП-По умолчанию для ТПП-20260415-1057.txt
Какие дополнительные документы требуются для подачи заявки на ТПП в случае долевой собственности?,"Паспорта и свидетельства о рождении всех собственников, письменные согласия всех собственников и выписки из ЕГРН всех собственников.",вопросы-ТПП-По умолчанию для ТПП-20260415-1057.txt
Допустимая максимальная мощность подключаемых передвижных энергопринимающих устройств при осуществлении временного ТП?,До 150 кВт.,вопросы-ТПП-По умолчанию для ТПП-20260415-1057.txt
"Если заявитель направил заявку и не предоставил\nдокументы по льготе, он вправе отказаться от заключения договора и подать\nзаявку с документами подтверждающими льготу?","Да имеет право аннулировать договор, не оплачивая в установленное\nвремя по договору или направить протокол разногласий через ЛК/очно в ЦОК(ПОК)/ Почтой России, с приложением документов о социальной льготе.",вопросы-ТПП-По умолчанию для ТПП-20260415-1057.txt
Если заявитель ФЛ до 15 кВт не согласен с условиями\nдоговора ТП в течении какого срока он может направить протокол разногласий?,Срок направления протокола разногласий 5 рабочих дней со дня размещения\nдокументов в ЛК.,вопросы-ТПП-По умолчанию для ТПП-20260415-1057.txt
Если заявитель ФЛ до 15 кВт не согласен с условиями договора ТП как он\nможет направить протокол разногласий?,Обратившись через ЛК/ЦОК/Почтой России.,вопросы-ТПП-По умолчанию для ТПП-20260415-1057.txt
Если заявитель ЮЛ до 150 кВт не согласен с условиями\nдоговора ТП в течении какого срока он может направить протокол разногласий?,Срок направления протокола разногласий 5 рабочих дней со дня размещения\nдокументов в ЛК.,вопросы-ТПП-По умолчанию для ТПП-20260415-1057.txt
Если заявитель ЮЛ до 150 кВт не согласен с условиями договора ТП как он\nможет направить протокол разногласий?,Обратившись через ЛК/ЦОК/Почтой России.,вопросы-ТПП-По умолчанию для ТПП-20260415-1057.txt
Если потребитель подает заявку на изменение категории надежности - как будет рассчитана стоимость?,"В случае подачи заявки на изменение категории надежности  - стоимость рассчитывается полностью по мощности подключения с применением стандартизированных тарифных ставок, установленных Государственным комитетом  по тарифам по Республике Башкортостан.",вопросы-ТПП-По умолчанию для ТПП-20260415-1057.txt
Если потребитель подает заявку на изменение точки присоединения - как будет рассчитана стоимость?,"В случае подачи заявки на изменение точки присоединения - стоимость рассчитывается полностью по мощности подключения с применением стандартизированных тарифных ставок, установленных Государственным комитетом  по тарифам по Республике Башкортостан.",вопросы-ТПП-По умолчанию для ТПП-20260415-1057.txt
"\nЕсли потребитель подает заявку на увеличение мощности до 15 кВт, без изменения схемы подключения - как будет рассчитана стоимость?\n\n","Стоимость рассчитывается по разнице мощностей по ставкам, действующим на момент подготовки новых ТУ (либо С1+С8, либо Р* 6 600руб)",вопросы-ТПП-По умолчанию для ТПП-20260415-1057.txt
Если потребитель подает заявку на увеличение мощности до 15 кВт с изменением номинала напряжения до 380 В- как будет рассчитана стоимость?,"В случае подачи заявки на  увеличение мощности до 15 кВт с изменением номинала напряжения - стоимость рассчитывается полностью по мощности подключения с по формулам (С1+С8 и 6 600 руб. * 1кВт/ 1 304,19 руб. * 1кВт при наличии социальной льготы)",вопросы-ТПП-По умолчанию для ТПП-20260415-1057.txt
"Если потребитель подает заявку на увеличение мощности свыше 15 кВт, без изменения схемы подключения - как будет рассчитана стоимость?",Стоимость будет включать в себя 100% стоимости строительства объектов электросетевого хозяйства до ЭПУ заявителя.,вопросы-ТПП-По умолчанию для ТПП-20260415-1057.txt
"Если потребитель подает заявку на увеличение мощности свыше 15 кВт, с изменением схемы подключения (изменение категории, номинала напряжения, точки подключения) - как будет рассчитана стоимость?",Стоимость будет включать в себя 100% стоимости строительства объектов электросетевого хозяйства до ЭПУ заявителя.,вопросы-ТПП-По умолчанию для ТПП-20260415-1057.txt
Есть ли возможность активную заявку на ТП аннулировать через ЛК?,"Да, есть возможность аннулировать заявку на ТП в ЛК через обращение ""Отказ от ТП"", на любом этапе ТПП.",вопросы-ТПП-По умолчанию для ТПП-20260415-1057.txt
Есть ли возможность после изменений от 20.10.2021 подавать заявку на ТП от председателя СНТ?,"Подавать заявку на ТП от председателя СНТ есть возможность, но при этом теряется право на льготную категорию, т.к. СНТ будет выступать ЮЛ.",вопросы-ТПП-По умолчанию для ТПП-20260415-1057.txt
Потребитель не успевает выполнить ТУ. Возможно ли продлить срок действия договора ТП?,"Да, обратившись очно в ЦОК /ПОК или через ЛК.",вопросы-ТПП-По умолчанию для ТПП-20260415-1057.txt
"Есть ли возможность продлить срок действия ТУ? Потребитель приостановил процедуру ТПП на 2 года, теперь планирует подключатся, но срок действия ТУ истек.",Можно обратившись очно в ЦОК/ПОК и через ЛК.,вопросы-ТПП-По умолчанию для ТПП-20260415-1057.txt
"Есть ли возможность продлить срок действия ТУ? Потребитель приостановил процедуру ТПП на 2 года, теперь планирует подключатся, но срок действия ТУ истек.",Можно обратившись очно в ЦОК/ПОК и через ЛК.,вопросы-ТПП-По умолчанию для ТПП-20260415-1057.txt
Есть ли возможность расторгнуть договор ТП через ЛК?,"Нет, такой возможности нет, необходимо обращаться только очно в ЦОК/ПОК.",вопросы-ТПП-По умолчанию для ТПП-20260415-1057.txt
\n\n \n \n  Есть\n  ли необходимость подписывать дополнительное соглашение о продлении срока ТУ?\n \n \n \n \n \n\n,"Да, необходимо подписать дополнительное соглашение и вернуть в СО",вопросы-ТПП-По умолчанию для ТПП-20260415-1057.txt
Есть ли необходимость подписывать дополнительное соглашение о продлении срока ТУ?,"Да, необходимо подписать дополнительное соглашение и вернуть в СО.",вопросы-ТПП-По умолчанию для ТПП-20260415-1057.txt
Заявитель обращается в КЦ с вопросом разьяснения ТУ. Просит проконсультировать какого наминала и марки приобретать автоматы и кабель. Действия оператора КЦ?,Оператор КЦ консультирует заявителя о необходимости обратиться в специализированный магазин или компанию с ТУ. Закрывает обращение на 1 линии.,вопросы-ТПП-По умолчанию для ТПП-20260415-1057.txt
Заявитель обращается в КЦ с вопросом разьяснения ТУ. Просит проконсультировать какого наминала и марки приобретать автоматы и кабель. Действия оператора КЦ?,Оператор КЦ консультирует заявителя о необходимости обратиться в специализированный магазин или компанию с ТУ. Закрывает обращение на 1 линии.,вопросы-ТПП-По умолчанию для ТПП-20260415-1057.txt
"Заявитель обращается в КЦ с вопросом, почему ему отказали в заявке на технологическое подключение, заявка была подана на объект находящийся на территории СНТ.","Оператор КЦ консультирует потребителя о необходимости подачи заявки на ТП председателем СНТ, на основании ПП РФ №861 от 24.12.2004 г. п.8(5)",вопросы-ТПП-По умолчанию для ТПП-20260415-1057.txt
"Заявитель обращается в КЦ с проблемой в работе ЛК. Он не может подать заявку на ТП, так как выводится ошибка ""Личность не подтверждена, требуется подтвердить личность""","Оператор КЦ консультирует о том что данная запись носит информативный характер, заявку в ЛК можно подать без подтверждения личности.",вопросы-ТПП-По умолчанию для ТПП-20260415-1057.txt
"Заявитель обращается в КЦ с проблемой в работе ЛК. Он не может подать заявку на ТП, так как выводится ошибка ""Личность не подтверждена, требуется подтвердить личность""","Оператор КЦ консультирует о том что данная запись носит информативный характер, заявку в ЛК можно подать без подтверждения личности.",вопросы-ТПП-По умолчанию для ТПП-20260415-1057.txt
"Заявитель обращается в КЦ с проблемой в работе с ЛК. Он не может подать заявку на ТП, так как выводится ошбка ""Личность не подтверждена, требуется подтвердить личность"". Действия оператора КЦ?","Оператор КЦ консультирует заявителя о том, что данная запись носит информативный характер, заявку в ЛК можно подать без подтверждения личности.",вопросы-ТПП-По умолчанию для ТПП-20260415-1057.txt
Заявитель обращается в КЦ с просьбой проконсультировать по выданным ТУ\: какого номинала и марки приобретать автоматы и кабель. Действия оператора КЦ?,Оператор КЦ консультирует заявителя о необходимости обратиться в специализированный магазин с ТУ или специализирующуюся на выполнение ТУ компанию. Закрывает обращение на 1 линии.,вопросы-ТПП-По умолчанию для ТПП-20260415-1057.txt
Заявитель оплатил счет на оплату за ТПП по заявке 2 дня назад интересуется почему не изменился статус в ЛК?,Оператор советует потребителю ожидать до 10 рабочих дней с момента оплаты.,вопросы-ТПП-По умолчанию для ТПП-20260415-1057.txt
"Заявитель оплатил счет на оплату за ТПП по заявке, ошибочно указав другой номер заявки, статус в ЛК не меняется уже 10 рабочих дней. Действия оператора КЦ?","Оператор КЦ регистрирует обращение ""Запрос справочной информации по ТПП - финансовые вопросы (ответ в свободной форме)"".",вопросы-ТПП-По умолчанию для ТПП-20260415-1057.txt
"Заявитель подавал заявку очно в ЦОК, пришло СМС сообщение, что документы размещены в ЛК, но у потребителя нет логин и пароля. Действия оператора КЦ?",Оператор КЦ регистрирует заявку по тематике ТПП\: Запрос справочной информации по работе ЛК.,вопросы-ТПП-По умолчанию для ТПП-20260415-1057.txt
"Заявитель подавал заявку очно в ЦОК, пришло СМС сообщение, что документы размещены в ЛК, но у потребителя нет логин и пароля. Действия оператора КЦ?",Оператор КЦ регистрирует заявку по тематике ТПП\: Запрос справочной информации по работе ЛК.,вопросы-ТПП-По умолчанию для ТПП-20260415-1057.txt
"Заявитель подал заявку на ТПП очно в ЦОК, пришло СМС сообщение, что документы размещены в ЛК, но у заявителя нет логина и пароля к ЛК. Действия оператора КЦ?",Оператор КЦ регистрирует заявку по тематике ТПП\: Запрос справочной информации по работе ЛК.,вопросы-ТПП-По умолчанию для ТПП-20260415-1057.txt
"Регистрируется ли индивидуальная заявка от собственника участка в СНТ, в случае если заявка подавалась коллективная от председателя СНТ с приложением документов данного собственника? (в  данном СНТ нет наших сетей)","Нет, заявка на ТПП будет только от СНТ как от ЮЛ, а собственники участков СНТ будут подключаться опосредованно.",вопросы-ТПП-По умолчанию для ТПП-20260415-1057.txt
"Имеет ли право ФЛ на рассрочку, в случае подачи заявки на ТПП до 15 кВт\n?","Да, но должен обязательно указать данную информацию\nпри подаче заявки или направить протокол разногласий, для включения условия\nрассрочки в условия договора.",вопросы-ТПП-По умолчанию для ТПП-20260415-1057.txt
Как заявитель ФЛ до 15 кВт должен поставить СО в\nизвестность что будет рассрочка платежа при заполнении бумажной заявки в ЦОК/ПОК?,Должен обязательно указать информацию о включении условия рассрочки в\nдоговор при подаче заявки или направить протокол разногласий.,вопросы-ТПП-По умолчанию для ТПП-20260415-1057.txt
"Как рассчитывается стоимость для ИП до 150 кВт по 3 категории надежности, по уровню напряжения 0,4 кВ, с учетом расстояния границы участка до объектов эл. сетевого хозяйства на уровне 0,4 кВ до 200 метров в городской местности и до 300 м в сельской местности, льгота предоставляется 1 раз в 3 года.",Расчет ведется по стандартизированным ставкам C1+C8.,вопросы-ТПП-По умолчанию для ТПП-20260415-1057.txt
"Как рассчитывается стоимость для ФЛ до 15 кВт по 3 категории надежности, по уровню напряжения 0,4 кВ, с учетом расстояния границы участка до объектов эл. сетевого хозяйства на уровне 0,4 кВ до 300 метров в городской местности и до 500 м в сельской местности, льгота предоставляется 1 раз в 3 года.\n\n","Расчет ведется либо по стандартизированным ставкам C1+C8, либо 6 600 руб. *1кВт запрашиваемой мощности, из расчета выбора минимальной стоимости.",вопросы-ТПП-По умолчанию для ТПП-20260415-1057.txt
"\nКак рассчитывается стоимость для ФЛ до 15 кВт по 3 категории надежности, по уровню напряжения 0,4 кВ, с учетом расстояния границы участка до объектов эл. сетевого хозяйства на уровне 0,4 кВ до 300 метров в городской местности и до 500 м в сельской местности, льгота предоставляется 1 раз в 3 года. Гражданин является членом многодетной семьи.\n\n","Расчет ведется по формуле 1198,77 руб*1кВт запрашиваемой мощности.",вопросы-ТПП-По умолчанию для ТПП-20260415-1057.txt
"Как рассчитывается стоимость для ФЛ до 15 кВт по 3 категории надежности, по уровню напряжения 0,4 кВ, с учетом расстояния границы участка до объектов эл. сетевого хозяйства на уровне 0,4 кВ до 300 метров в городской местности и до 500 м в сельской местности, льгота предоставляется 1 раз в 3 года. Гражданин является инвалидом 1 группы.\n\n","Расчет ведется по формуле 1 304,19 руб.*1кВт запрашиваемой мощности.",вопросы-ТПП-По умолчанию для ТПП-20260415-1057.txt
"Как рассчитывается стоимость для ФЛ до 15 кВт по 3 категории надежности, по уровню напряжения 0,4 кВ, с учетом расстояния границы участка до объектов эл. сетевого хозяйства на уровне 0,4 кВ до 300 метров в городской местности и до 500 м в сельской местности, льгота предоставляется 1 раз в 3 года. Гражданин является членом малоимущей семьи.","Расчет ведется по формуле 1 304,19 руб.*1кВт запрашиваемой мощности.",вопросы-ТПП-По умолчанию для ТПП-20260415-1057.txt
"Как рассчитывается стоимость для ЮЛ до 150 кВт по 3 категории надежности, по уровню напряжения 0,4 кВ, с учетом расстояния границы участка до объектов эл. сетевого хозяйства на уровне 0,4 кВ до 200 метров в городской местности и до 300 м в сельской местности, льгота предоставляется 1 раз в 3 года.\n\n",Расчет ведется по стандартизированным ставкам C1+C8.,вопросы-ТПП-По умолчанию для ТПП-20260415-1057.txt
Как часто происходит пересмотр тарифов и ставок по\nРеспублике Башкортостан на услуги Технологического присоединения?,Один раз в год,вопросы-ТПП-По умолчанию для ТПП-20260415-1057.txt
Какая организация утверждает тарифы и ставки по Республике Башкортостан на услуги Технологического присоединения?,Государственный комитет Республики Башкортостан по тарифам,вопросы-ТПП-По умолчанию для ТПП-20260415-1057.txt
"Какая стоимость технологического присоединения будет для заявителя с заявленной мощностью 25 кВт напряжением 220 В, в городе, где до объектов эл. сетевого хоз-ва до 200 м, с учетом что потребитель подключается впервые за 3 года?","26 290,85 руб.",вопросы-ТПП-По умолчанию для ТПП-20260415-1057.txt
"Какая стоимость технологического присоединения будет для заявителя с заявленной мощностью 25 кВт напряжением 220 В, в городе, где до объектов эл. сетевого хоз-ва до 200 м, с учетом что потребитель подключается впервые за 3 года?","35 470,03 руб.",вопросы-ТПП-По умолчанию для ТПП-20260415-1057.txt
"Какая стоимость технологического присоединения будет для заявителя с заявленной мощностью 15 кВт, в городе, где до объектов эл. сетевого хоз-ва до 200 м., с учетом что потребитель подключается впервые за 3 года?",550 руб.,вопросы-ТПП-По умолчанию для ТПП-20260415-1057.txt
Какие дополнительные документы от СНТ требуются при подаче заявки на ТПП собственником участка в СНТ?,"Стандартный пакет документов, дополнительные документы от СНТ не требуются.",вопросы-ТПП-По умолчанию для ТПП-20260415-1057.txt
Какие дополнительные документы требуются для подачи заявки в случае долевой собственности.,"Паспорта и свидетельства о рождении, письменные согласия и выписки из ЕГРН всех собственников.",вопросы-ТПП-По умолчанию для ТПП-20260415-1057.txt
Какие дополнительные документы требуются для подачи заявки в случае долевой собственности.,"Паспорта и свидетельства о рождении, письменные согласия и выписки из ЕГРН всех собственников.",вопросы-ТПП-По умолчанию для ТПП-20260415-1057.txt
Какие дополнительные документы требуются для подачи заявки на ТПП в случае долевой собственности?,"Паспорта и свидетельства о рождении всех собственников, письменные согласия всех собственников и выписки из ЕГРН всех собственников.",вопросы-ТПП-По умолчанию для ТПП-20260415-1057.txt
Какие санкции будут применены к заявителю в случае расторжения им договора ТП до фактического подключения объекта к СО?,"Сетевая организация имеет право выставить требования о возмещении понесенных затрат, связанных с выполнением сетевой организацией ТУ в рамках выполнения ТП по заявке заявителя.",вопросы-ТПП-По умолчанию для ТПП-20260415-1057.txt
Какие санкции будут применены к заявителю в случае расторжения им договора ТП до фактического подключения объекта к СО?,"Сетевая организация имеет право выставить требования о возмещении понесенных затрат, связанных с выполнением сетевой организацией ТУ в рамках выполнения ТП по заявке заявителя.",вопросы-ТПП-По умолчанию для ТПП-20260415-1057.txt
Какием образом потребитель может подать недостающие к заявке документы в ЛК?,Заявитель может подать недостающие документы в ЛК ТОЛЬКО по кнопке «Прикрепить файлы и отправить повторно».,вопросы-ТПП-По умолчанию для ТПП-20260415-1057.txt
Каким нормативным документом утверждаются стандартизированные ставки для расчета стоимости за ТПП?,"Постановлением Государственного Комитета РБ по тарифам, пересматривается ежегодно.",вопросы-ТПП-По умолчанию для ТПП-20260415-1057.txt
"Каким образом заявитель может аннулировать заявку на ТПП на этапе подписания договора, заявитель некорректно указал номинал напряжения в заявке на ТПП?","Очно обратившись в ЦОК/ПОК с заявлением на аннулирование или через ЛК, нажав кновку ""Аннулировать заявку"".",вопросы-ТПП-По умолчанию для ТПП-20260415-1057.txt
"Каким образом заявитель может аннулировать заявку на ТПП на этапе подписания договора, заявитель некорректно указал номинал напряжения в заявке на ТПП?","Очно обратившись в ЦОК/ПОК с заявлением на аннулирование или через ЛК, выбрав обращение ""Отказ от ТП"".",вопросы-ТПП-По умолчанию для ТПП-20260415-1057.txt
"Каким образом заявитель может подписать дополнительное соглашение, при внесении любого изменения в действующий договор ТП?","1. Очно обратившись в ЦОК/ПОК; 2. ЛК - подписав и вернув в СО распечатанное дополнительное соглашение через кнопку ""Печать"" с сохранением ЭЦП ООО ""Башкирэнерго""; 3. ЛК - подписав используя ЭЦП заявителя (при наличии подтвержденной учетной записи).",вопросы-ТПП-По умолчанию для ТПП-20260415-1057.txt
"Каким образом заявитель может подписать дополнительное соглашение, при внесении любого изменения в действующий договор ТП?","1. Очно обратившись в ЦОК/ПОК; 2. ЛК - подписав и вернув в СО распечатанное дополнительное соглашение через кнопку ""Печать"" с сохранением ЭЦП ООО ""Башкирэнерго""; 3. ЛК - подписав используя ЭЦП заявителя (при наличии подтвержденной учетной записи).",вопросы-ТПП-По умолчанию для ТПП-20260415-1057.txt
"Каким образом может подать заявку на ТП собственник участка, находящегося на территории СНТ, в связи с внесением изменений от 20.10.2021 г. в Постановление Правительства РФ №861 от 24.12.2004 г. п. 8(5)?","Заявка на ТПП участков, расположенных на территории СНТ может приниматься как от граждан садоводов, так и от председателя СНТ.",вопросы-ТПП-По умолчанию для ТПП-20260415-1057.txt
Кто и каким образом осуществляет информирование заявителя о неполном пакете документов?,Юрисконсульт ОПП в течение 3 рабочих дней осуществляет подготовку и размещает в ЛК уведомление о приостановке рассмотрения заявки в связи с предоставлением неполного пакета документов.,вопросы-ТПП-По умолчанию для ТПП-20260415-1057.txt
Каким образом человек может узнать о возможности технологического присоединения по его адресу?,Только подав заявку на ТПП.,вопросы-ТПП-По умолчанию для ТПП-20260415-1057.txt
Каким образом человек может узнать о возможности технологического присоединения по его адресу?,Только подав заявку на ТПП.,вопросы-ТПП-По умолчанию для ТПП-20260415-1057.txt
Какой нормативный документ регламентирует процедуру Технологического присоединения?,Постановление Правительства РФ №861 от 27.12.2004 г.,вопросы-ТПП-По умолчанию для ТПП-20260415-1057.txt
Какой нормативный документ регламентирует процедуру Технологического присоединения?,Постановление Правительства РФ №861 от 27.12.2004 г.,вопросы-ТПП-По умолчанию для ТПП-20260415-1057.txt
Какой нормативный документ регламентирует процедуру Технологического присоединения?,Постановление Правительства РФ №861 от 27.12.2004 г.,вопросы-ТПП-По умолчанию для ТПП-20260415-1057.txt
Какой установлен срок восстановления/переоформления Акта ТП в случае отсутствия у потребителя документов подтверждающих факт технологического присоединения?,"15 дней, со дня поступления заявления от потребителя.",вопросы-ТПП-По умолчанию для ТПП-20260415-1057.txt
Какой установлен срок восстановления/переоформления акта ТП при наличии ТУ у потребителя либо у Сетевой организации?,"15 дней, со дня поступления заявления от потребителя.",вопросы-ТПП-По умолчанию для ТПП-20260415-1057.txt
Какой установлен срок восстановления/переоформления ТУ при наличии у потребителя акта РБП или акта ТП?,"10 дней, со дня поступления заявления от потребителя.",вопросы-ТПП-По умолчанию для ТПП-20260415-1057.txt
Какой установлен срок восстановления/переоформления ТУ при отсутствии у потребителя документов подтверждающих факт технологического присоединения?,"15 дней, со дня поступления заявления от потребителя.",вопросы-ТПП-По умолчанию для ТПП-20260415-1057.txt
Какой установлен срок проведения проверки выполнения заявителем ТУ для СО? (Заявитель чьи ТУ в соответствии с Правилами ТП подлежат согласованию с БРДУ (заявленная максимальная мощность которых превышает 5 МВт или увеличивается на 5 МВт и выше)).,"Не позднее 25 календарных дней, с момента поступления уведомления о выполнении ТУ заявителем.",вопросы-ТПП-По умолчанию для ТПП-20260415-1057.txt
Какой установлен срок проведения проверки выполнения заявителем ТУ для СО? (Заявители чьи ТУ в соответствии с Правилами ТП не подлежат согласованию с БРДУ (заявленная максимальная мощность которых не превышает 5 МВт)).,"Не позднее 10 календарных  дней, с момента поступления уведомления о выполнении ТУ заявителем.",вопросы-ТПП-По умолчанию для ТПП-20260415-1057.txt
Кем и каким образом осуществляется подготовка ТУ и определение точки подключения по заявке на ТП?,Подготовка ТУ и определение точки подключения по заявке на ТП определяется инженером ОПП при выезде на осмотр объекта.,вопросы-ТПП-По умолчанию для ТПП-20260415-1057.txt
Кем и каким образом осуществляется подготовка ТУ и определение точки подключения по заявке на ТП?,Подготовка ТУ и определение точки подключения по заявке на ТП определяется инженером ОПП при выезде на осмотр объекта.,вопросы-ТПП-По умолчанию для ТПП-20260415-1057.txt
Кем проводится проверка комплектности документов по заявке на ТП направленной через ЛК?,Юрисконсультом ОПП.,вопросы-ТПП-По умолчанию для ТПП-20260415-1057.txt
Когда и как заявитель может получить документы о ТП на бумажном носителе после осуществления ТП?,После окончания процедуры ТП по письменному обращению заявителя о предоставлении ему документов по ТП на бумажном носителе.,вопросы-ТПП-По умолчанию для ТПП-20260415-1057.txt
Когда и как заявитель может получить документы о ТП на бумажном носителе после осуществления ТП?,После окончания процедуры ТП по письменному обращению заявителя о предоставлении ему документов по ТП на бумажном носителе.,вопросы-ТПП-По умолчанию для ТПП-20260415-1057.txt
Кто заводит заявку на ТПП в модуль 1С\:Управление Технологическими Присоединениями (УТП) при обращении заявителя очно в ЦОК/ПОК?,Сотрудник ЦОК/ПОК.,вопросы-ТПП-По умолчанию для ТПП-20260415-1057.txt
Кто заводит заявку на ТПП в модуль 1С\:Управление Технологическими Присоединениями (УТП) при обращении заявителя очно в ЦОК/ПОК?,Сотрудник ЦОК/ПОК.,вопросы-ТПП-По умолчанию для ТПП-20260415-1057.txt
Кто и каким образом осуществляет информирование заявителя о неполном пакете документов?,Юрисконсульт ОПП в течение 3 рабочих дней осуществляет подготовку и размещает в ЛК уведомление о приостановке рассмотрения заявки в связи с предоставлением неполного пакета документов.,вопросы-ТПП-По умолчанию для ТПП-20260415-1057.txt
Кто из перечисленных заявителей не попадает под льготную категорию\nграждан?,"ЮЛ и ИП до 150 кВт по 3 категории надежности, по\nуровню напряжения 0,4 кВ, с учетом расстояния границы участка до объектов эл.\nсетевого хозяйства на уровне 0,4 кВ до 300 метров в городской местности и до\n500 м в сельской местности, льгота предоставляется 1 раз в 3 года.",вопросы-ТПП-По умолчанию для ТПП-20260415-1057.txt
Кто из перечисленных заявителей попадает под льготную\nкатегорию граждан?,Обе категории попадают под льготную категорию граждан.,вопросы-ТПП-По умолчанию для ТПП-20260415-1057.txt
Кто из сотрудников занимается фактическим подключением заявителя по услуге ТПП?,Сотрудники РЭС или сотрудники подрядных организаций.,вопросы-ТПП-По умолчанию для ТПП-20260415-1057.txt
Кто из сотрудников занимается фактическим подключением заявителя по услуге ТПП?,Сотрудники РЭС или сотрудники подрядных организаций.,вопросы-ТПП-По умолчанию для ТПП-20260415-1057.txt
Кто осуществляет подготовку договора ТП и дополнительных соглашений по заявке на ТП?,Специалист по договорной работе ОПП.,вопросы-ТПП-По умолчанию для ТПП-20260415-1057.txt
Кто осуществляет подготовку договора ТП и дополнительных соглашений по заявке на ТП?,Специалист по договорной работе ОПП.,вопросы-ТПП-По умолчанию для ТПП-20260415-1057.txt
Кто осуществляет расчет стоимости ТПП по заявке на ТП?,Специалист по договорной работе в ОПП.,вопросы-ТПП-По умолчанию для ТПП-20260415-1057.txt
Кто осуществляет расчет стоимости ТПП по заявке на ТП?,Специалист по договорной работе в ОПП.,вопросы-ТПП-По умолчанию для ТПП-20260415-1057.txt
Допустимая максимальная мощность подключаемых передвижных энергопринимающих устройств при осуществлении временного ТП?,До 150 кВт.,вопросы-ТПП-По умолчанию для ТПП-20260415-1057.txt
"Может ли заявитель внести изменения в договор ТП, если он не согласен с условиями типового договора ТП?","Да, направив протокол разногласий через ЛК или Почтой России, а также обратившись очно в ЦОК/ПОК.",вопросы-ТПП-По умолчанию для ТПП-20260415-1057.txt
"Может ли заявитель внести изменения в ТУ, если в заявке на ТП он указал неверную мощность?","Да, может внести изменения до фактического присоединения, обратившись очно в ЦОК/ПОК, либо через ЛК подав заявку «Внесение изменений в ТУ».",вопросы-ТПП-По умолчанию для ТПП-20260415-1057.txt
"Может ли заявитель внести изменения в ТУ, если при заполнении заявки он указал неверное напряжение?","Да, может внести изменения до фактического присоединения, обратившись очно в ЦОК/ПОК, либо через ЛК подав заявку «Внесение изменений в ТУ».",вопросы-ТПП-По умолчанию для ТПП-20260415-1057.txt
Может ли оператор КЦ расчитать и озучить точную стоимость ТП заявителю при подаче заявки?,"Нет, оператор может проинформировать потребителя только о критериях, при которых потребитель может расчитывать на «льготную категорию».",вопросы-ТПП-По умолчанию для ТПП-20260415-1057.txt
"Может ли заявитель внести изменения в договор ТП, если он не согласен с условиями типового договора ТП?","Да, направив через ЛК или Почтой России, а также обратившись очно в ЦОК/ПОК с письменным обращением о необходимости внесения корректировок в договор ТП.",вопросы-ТПП-По умолчанию для ТПП-20260415-1057.txt
"Может ли заявитель внести изменения в ТУ, если при заполнении заявки он указал неверное напряжение?","Да, может внести изменения обратившись очно в ЦОК/ПОК, либо через ЛК подав заявку «Внесение изменений в ТУ».",вопросы-ТПП-По умолчанию для ТПП-20260415-1057.txt
"Может ли заявитель внести изменения в ТУ, если в заявке на ТП он указал неверную мощность?","Да, может внести изменения обратившись очно в ЦОК/ПОК, либо через ЛК подав заявку «Внесение изменений в ТУ».",вопросы-ТПП-По умолчанию для ТПП-20260415-1057.txt
Может ли потребитель подать заявку на изменение номинала напряжения?,"Подать заявку на изменение номинала напряжения можно в рамках заявки ""Увеличение мощности"", при условии что будет изменена мощность, хотя бы на 1 кВт через ЛК/ЦОК(ПОК)/Почтой России.",вопросы-ТПП-По умолчанию для ТПП-20260415-1057.txt
\nМожет ли потребитель самостоятельно приобрести ПУ в рамках осуществления ТПП?\n\n,"Нет, установка интеллектуальных ПУ АСКУЭ , в рамках ТПП устанавливаются в соответствии с действующим законодательством Сетевой организацией.",вопросы-ТПП-По умолчанию для ТПП-20260415-1057.txt
Может ли собственник участка в СНТ подать заявку на ТП самостоятельно?,"Да может, после 20.10.2021 собственники участков в СНТ имеют право подавать зявки на ТП самостоятельно.",вопросы-ТПП-По умолчанию для ТПП-20260415-1057.txt
Может ли собственник участка СНТ подать заявку на увеличение мощности?,"Да, может подать заявку на увеличение мощности до 15 кВт, классом напряженния 0,4 кВ.",вопросы-ТПП-По умолчанию для ТПП-20260415-1057.txt
"Можно ли подать заявку на ТП с личного кабинета, зарегистрированного на другого человека?","Нельзя, подать заявку на ТПП можно только с ЛК зарегистрированного на заявителя.",вопросы-ТПП-По умолчанию для ТПП-20260415-1057.txt
"Можно ли подать заявку на ТП с личного кабинета, зарегистрированного на другого другого человека?","Нельзя, подать заявку на ТПП можно только с ЛК зарегистрированного на заявителя.",вопросы-ТПП-По умолчанию для ТПП-20260415-1057.txt
Кем проводится проверка комплектности документов по заявке на ТП направленной через ЛК?,Юрисконсультом ОПП.,вопросы-ТПП-По умолчанию для ТПП-20260415-1057.txt
"Какая стоимость технологического присоединения будет для заявителя с заявленной мощностью 15 кВт, в городе, где до объектов эл. сетевого хоз-ва до 200 м., с учетом что потребитель подключается впервые за 3 года?",550 руб.,вопросы-ТПП-По умолчанию для ТПП-20260415-1057.txt
"Требуется ли подписание и возврат акта технологического присоединения в СО для физического лица, подключенного по 3 категории наждежности мощностью 20 кВт?",Требуется.,вопросы-ТПП-По умолчанию для ТПП-20260415-1057.txt
"Для каких категорий заявителей действует упрощенная схема взаимодействия с СО, по которой оплата счета является согласием с условиями договора ТП и не требует фактического подписания договора ТП?","Для ФЛ с заявленной мощностью до 15 кВт и ЮЛ/ИП с заявленной мощностью до 150 кВт по 2 и 3 категории надежности, подавших заявку после 01.07.2020 г.",вопросы-ТПП-По умолчанию для ТПП-20260415-1057.txt
По какой категории надежности производится временное ТП?,3 категория.,вопросы-ТПП-По умолчанию для ТПП-20260415-1057.txt
По какой категории надежности производится временное ТП?,3 категория.,вопросы-ТПП-По умолчанию для ТПП-20260415-1057.txt
Для чего требуется подтверждение личности?,"Для возможности подписывать документы (договор, допсоглашения и акты) через ЛК, посредствам ЭЦП.",вопросы-ТПП-По умолчанию для ТПП-20260415-1057.txt
Заявитель оплатил счет на оплату за ТПП по заявке 2 дня назад интересуется почему не изменился статус в ЛК?,Оператор советует потребителю ожидать до 10 рабочих дней с момента оплаты.,вопросы-ТПП-По умолчанию для ТПП-20260415-1057.txt
"Заявитель оплатил счет на оплату за ТПП по заявке, ошибочно указав другой номер заявки, статус в ЛК не меняется уже 10 рабочих дней. Действия оператора КЦ?","Оператор КЦ регистрирует обращение ""Запрос справочной информации по ТПП - финансовые вопросы (ответ в свободной форме)"".",вопросы-ТПП-По умолчанию для ТПП-20260415-1057.txt
Потребителю Иванову А.А. необходимо восстановить акт ТП и получить дубликат ТУ. Сколько будет стоить услуга?,1000 рублей за всю процедуру вне зависимости от количества переоформленых/восстанавленных документов.,вопросы-ТПП-По умолчанию для ТПП-20260415-1057.txt
Потребителю Иванову А.А. необходимо переоформить акт ТП. Какие ОБЯЗАТЕЛЬНЫЕ документы должен предоставить потребитель?,"Требуются документы удостоверяющие личность, заявление от потребителя, документ подтверждающий право собственности, при необходимости доверенность.",вопросы-ТПП-По умолчанию для ТПП-20260415-1057.txt
"Заявитель обращается в КЦ с проблемой в работе с ЛК. Он не может подать заявку на ТП, так как выводится ошбка ""Личность не подтверждена, требуется подтвердить личность"". Действия оператора КЦ?","Оператор КЦ консультирует заявителя о том, что данная запись носит информативный характер, заявку в ЛК можно подать без подтверждения личности.",вопросы-ТПП-По умолчанию для ТПП-20260415-1057.txt
"Заявитель подад заявку на ТПП очно в ЦОК, пришло СМС сообщение, что документы размещены в ЛК, но у заявителя нет логина и пароля к ЛК. Действия оператора КЦ?",Оператор КЦ регистрирует заявку по тематике ТПП\: Запрос справочной информации по работе ЛК.,вопросы-ТПП-По умолчанию для ТПП-20260415-1057.txt
Какой установлен срок проведения проверки выполнения заявителем ТУ для СО? (Заявитель чьи ТУ в соответствии с Правилами ТП подлежат согласованию с БРДУ (заявленная максимальная мощность которых превышает 5 МВт или увеличивается на 5 МВт и выше)).,"Не позднее 25 календарных дней, с момента поступления уведомления о выполнении ТУ заявителем.",вопросы-ТПП-По умолчанию для ТПП-20260415-1057.txt
"Требуется ли проведение проверки выполнения ТУ заявителем, подавшим заявку после 06.07.2020 (ФЛ до 15кВт по 3 категории надежности, ЮЛ/ИП  до 150 кВт по 2 и 3 категории надежности, по уровню напряжения 0,4 кВ и ниже)?","Нет не требуется, проверка ТУ будет проведена в момент фактического подключения.",вопросы-ТПП-По умолчанию для ТПП-20260415-1057.txt
Какой установлен срок проведения проверки выполнения заявителем ТУ для СО? (Заявители чьи ТУ в соответствии с Правилами ТП не подлежат согласованию с БРДУ (заявленная максимальная мощность которых не превышает 5 МВт)).,"Не позднее 10 календарных  дней, с момента поступления уведомления о выполнении ТУ заявителем.",вопросы-ТПП-По умолчанию для ТПП-20260415-1057.txt
Заявитель обращается в КЦ с просьбой проконсультировать по выданным ТУ\: какого наминала и марки приобретать автоматы и кабель. Действия оператора КЦ?,Оператор КЦ консультирует заявителя о необходимости обратиться в специализированный магазин с ТУ или специализирующуюся на выполнение ТУ компанию. Закрывает обращение на 1 линии.,вопросы-ТПП-По умолчанию для ТПП-20260415-1057.txt
"Рассчитать стоимость ТПП для ФЛ с заявленной мощностью 15 кВт, напряжением 380 В, по 3 категории надежности, подключающегося впервые за 3 года, до объектов эл. сетевого хозяйства 600 м, подключение в черте города.","33 569,10 руб.",вопросы-ТПП-По умолчанию для ТПП-20260415-1057.txt
"Рассчитать ориентировочную стоимость ТПП для ФЛ с заявленной мощностью 15 кВт, напряжением 380 В, по 3 категории надежности, подключающегося впервые за 3 года, до объектов эл. сетевого хозяйства 600 м, подключение в черте города.","35 445,87 руб.",вопросы-ТПП-По умолчанию для ТПП-20260415-1057.txt
"Рассчитать ориентировочную стоимость ТПП для ЮЛ с заявленной мощностью 150 кВт, напряжением 380 В, по 3 категории надежности, подключающийся  впервые за 3 года, до объектов эл. сетевого хозяйства 10 м, в черте города?","51 020,49 руб.",вопросы-ТПП-По умолчанию для ТПП-20260415-1057.txt
"Рассчитать стоимость ТПП для ЮЛ с заявленной мощностью 150 кВт, напряжением 380 В, по 3 категории надежности, подключающийся  впервые за 3 года, до объектов эл. сетевого хозяйства 10 м, в черте города?","49 329,16 руб.",вопросы-ТПП-По умолчанию для ТПП-20260415-1057.txt
"Рассчитать стоимость ТПП для ФЛ с заявленной мощностью 15 кВт, напряжением 220 В, по 3 категории надежности, подключающийся второй раз за 3 года, до объектов электросетевого хозяйства 200 м, в черте города.","26 290,85 руб.",вопросы-ТПП-По умолчанию для ТПП-20260415-1057.txt
"Рассчитать стоимость ТПП для ЮЛ с заявленной мощностью 50 кВт, напряжением 380 В, до объектов электросетевого хозяйства 50 м, в черте города.","33 569,10 руб.",вопросы-ТПП-По умолчанию для ТПП-20260415-1057.txt
"Рассчитать стоимость ТПП для ЮЛ с заявленной мощностью 30 кВт, напряжением 220 В, до объектов электросетевого хозяйства 350 м в черте города.","26 290,85 руб.",вопросы-ТПП-По умолчанию для ТПП-20260415-1057.txt
"Рассчитать стоимость ТПП для ФЛ с заявленной мощностью 15 кВт, напряжением 220 В, по 3 категории надежности, подключающийся второй раз за 3 года, до объектов электросетевого хозяйства 200 м, в черте города.","35 470,03 руб.",вопросы-ТПП-По умолчанию для ТПП-20260415-1057.txt
"Рассчитать стоимость ТПП для ЮЛ с заявленной мощностью 30 кВт, напряжением 220 В, до объектов электросетевого хозяйства 350 м в черте города.","35 470,03 руб.",вопросы-ТПП-По умолчанию для ТПП-20260415-1057.txt
"Рассчитать стоимость ТПП для ЮЛ с заявленной мощностью 50 кВт, напряжением 380 В, до объектов электросетевого хозяйства 50 м, в черте города.","35 445,87 руб.",вопросы-ТПП-По умолчанию для ТПП-20260415-1057.txt
С какой даты будет заключен договор при рассрочке платежа 15/30/35/20 с\nФЛ?,При рассрочке платежа договор будет считаться\nзаключенным со дня внесения первого платежа заявителем по счету на оплату\nтехнологического присоединения по договору.,вопросы-ТПП-По умолчанию для ТПП-20260415-1057.txt
С какой даты рассчитывается 3 года для рассмотрения льготы на ТПП для заявителей?,С даты подачи заявки на ТПП.,вопросы-ТПП-По умолчанию для ТПП-20260415-1057.txt
Сколько существует вариантов подачи заявки?,Три.,вопросы-ТПП-По умолчанию для ТПП-20260415-1057.txt
Сколько существует вариантов подачи заявки?,Три.,вопросы-ТПП-По умолчанию для ТПП-20260415-1057.txt
В каких случаях при подаче заявки на ТП требуется согласие на обработку персональных данных?,Требуется всегда.,вопросы-ТПП-По умолчанию для ТПП-20260415-1057.txt
Какой установлен срок восстановления/переоформления Акта ТП в случае отсутствия у потребителя документов подтверждающих факт технологического присоединения?,"15 дней, со дня поступления заявления от потребителя.",вопросы-ТПП-По умолчанию для ТПП-20260415-1057.txt
Какой установлен срок восстановления/переоформления ТУ при наличии у потребителя акта РБП или акта ТП?,"10 дней, со дня поступления заявления от потребителя.",вопросы-ТПП-По умолчанию для ТПП-20260415-1057.txt
Какой установлен срок восстановления/переоформления ТУ при отсутствии у потребителя документов подтверждающих факт технологического присоединения?,"15 дней, со дня поступления заявления от потребителя.",вопросы-ТПП-По умолчанию для ТПП-20260415-1057.txt
Какой установлен срок восстановления/переоформления акта ТП при наличии ТУ у потребителя либо у Сетевой организации?,"15 дней, со дня поступления заявления от потребителя.",вопросы-ТПП-По умолчанию для ТПП-20260415-1057.txt
В какой срок СО обязана уведомить заявителя о неполном пакете документов на ТП?,3 рабочих дня.,вопросы-ТПП-По умолчанию для ТПП-20260415-1057.txt
"В какие сроки СО обязана произвести повторную проверку выполнених заявителем ТУ, после поступления уведомления об устранении замечаний, выявленных в процесе предыдущей проверки выполнения ТУ?",3 дня.,вопросы-ТПП-По умолчанию для ТПП-20260415-1057.txt
"В какие сроки СО обязана подготовить дубликаты либо восстановить/переоформить документы о ТП, в случае осуществления технологического присоединения после 1 января 2010 г?",7 дней.,вопросы-ТПП-По умолчанию для ТПП-20260415-1057.txt
Срок рассмотрения сетевой огранизацией заявки на временное ТП?,10 календарных дней.,вопросы-ТПП-По умолчанию для ТПП-20260415-1057.txt
Срок рассмотрения сетевой организацией заявки на ТП для ЮЛ с заявленной мощностью 180 кВт?,20 рабочих дней.,вопросы-ТПП-По умолчанию для ТПП-20260415-1057.txt
Срок рассмотрения сетевой организацией заявки на ТП для ФЛ с заявленной мощностью 8 кВт?,10 рабочих дней.,вопросы-ТПП-По умолчанию для ТПП-20260415-1057.txt
Срок рассмотрения сетевой организацией заявки на ТП для ФЛ с заявленной мощностью 8 кВт?,10 рабочих дней.,вопросы-ТПП-По умолчанию для ТПП-20260415-1057.txt
Срок рассмотрения сетевой организацией заявки на ТП для ЮЛ с заявленной мощностью 180 кВт?,20 рабочих дней.,вопросы-ТПП-По умолчанию для ТПП-20260415-1057.txt
Срок рассмотрения сетевой огранизацией заявки на временное ТП?,10 календарных дней.,вопросы-ТПП-По умолчанию для ТПП-20260415-1057.txt
Срок рассмотрения сетевой организацией заявки на ТП для ФЛ с заявленной мощностью 8 кВт?,10 рабочих дней.,вопросы-ТПП-По умолчанию для ТПП-20260415-1057.txt
Срок рассмотрения сетевой организацией заявки на ТП для ЮЛ с заявленной мощностью 180 кВт?,20 рабочих дней.,вопросы-ТПП-По умолчанию для ТПП-20260415-1057.txt
В какие сроки СО осуществляет фактическое подключения по временного договору ТП?,"15 рабочих дней, с момента заключения договора, с учетов выполнения ТУ заявителем.",вопросы-ТПП-По умолчанию для ТПП-20260415-1057.txt
Стоимость оказания услуги восстановления/переоформления документов ТП?,1 000 руб.,вопросы-ТПП-По умолчанию для ТПП-20260415-1057.txt
Стоимость оказания услуги восстановления/переоформления документов ТП?,1 000 руб.,вопросы-ТПП-По умолчанию для ТПП-20260415-1057.txt
Стоимость прибора учета входит в расчет стоимости за ТПП?,"Да входит в расчет стоимости за ТПП в полном объеме, за исключением льготной категории граждан при расчете (6 000руб*1кВт) и (1198,77 руб*1кВт).",вопросы-ТПП-По умолчанию для ТПП-20260415-1057.txt
Существует ли рассрочка платежа для ФЛ до 15 кВт?,"Заявитель ФЛ подавший заявку до 15 кВт вправе вносить\nплатеж частями 15/30/35/20, в случае если указал эту информацию при подаче\nзаявки.",вопросы-ТПП-По умолчанию для ТПП-20260415-1057.txt
"Требуется ли подписание и возврат акта технологического присоединения в СО для физического лица, подключенного по 3 категории наждежности мощностью 20 кВт?",Требуется.,вопросы-ТПП-По умолчанию для ТПП-20260415-1057.txt
"Требуется ли подписание и возврат акта технологического присоединения в СО для физического лица, подключенного по 3 категории наждежности мощностью 20 кВт?",Требуется.,вопросы-ТПП-По умолчанию для ТПП-20260415-1057.txt
"Требуется ли подписание и возврат акта технологического присоединения в СО для физического лица, подключенного по 3 категории надежности мощностью 20 кВт?",Требуется.,вопросы-ТПП-По умолчанию для ТПП-20260415-1057.txt
"Требуется ли проведение проверки выполнения ТУ заявителем (ФЛ до 15кВт по 3 категории надежности, ЮЛ/ИП  до 150 кВт по 2 и 3 категории надежности, по уровню напряжения 0,4 кВ и ниже)?","Нет не требуется, проверка ТУ будет проведена в момент фактического подключения.",вопросы-ТПП-По умолчанию для ТПП-20260415-1057.txt
"Чьими силами и за чей счет выполняются мероприятия по строительству новых объектов электросетвого хозяйства, необходимых для подключения объектов заявителя при временной схеме ТПП?",Самостоятельно за счет заявителя.,вопросы-ТПП-По умолчанию для ТПП-20260415-1057.txt
"Чьими силами и за чей счет выполняются мероприятия по строительству новых объектов электросетвого хозяйства, необходимых для подключения объектов заявителя при временной схеме ТПП?",Самостоятельно за счет заявителя.,вопросы-ТПП-По умолчанию для ТПП-20260415-1057.txt
Для переоформления лицевого счета ЭСКБ требуют от потребителя акты ТП. Как восстановить акты ТП?,"Потребитель может обратится в ЦОК/ПОК для заключение договора на возмездные услуги, оплатить сумму по договору, ему выдадут дубликаты актов ТП.",вопросы-ТПП-По умолчанию для ТПП-20260415-1057.txt
"У собственника было произведено подключение в другой Сетевой
компании, подключен в июле 2023г. Если он будет обращаться в компанию ООО
""Башкирэнерго"" для подключения э/э , будет ли на него
распространяться льготное подключение (один раз в три года), если остальные
параметры льготного подключения соблюдаются?","Сотрудники ООО ""Башкирэнерго"" проверяют право на получение льготы только по нашей базе заявителей, данные других Сетевых организаций им не доступны. 
Поэтому, если заявитель в ООО ""Башкирэнерго"" льготой в течении 3-ех лет не пользовался, то ООО ""Башкирэнерго"" обязана ее предоставить.",discussion (4).xlsx
"Может ли ФЛ, у которого есть действующий договор на ТП, не ожидая
срока 6 месяцев, подать заявку на временное ТП?","По информации от сотрудников ДТП любой
заявитель ФЛ, ЮЛ, ИП, имеющий действующий договор ТП (не важно по какой
мощности - не ограничивается правилами ПП РФ 861) имеет право подать
параллельно заявку на временное технологическое присоединение (любой мощности -
не ограничивается правилами ПП РФ 861) того же объекта недвижимости. 

!!! Важно понимать что все затраты по ТУ
по временному договору ТП будут возложены на заявителя. 

Временное подключение будет осуществлено по 3-ей категории надежности, в течении 15 рабочих дней после заключения договора, с учетом выполнения ТУ
заявителем.",discussion (4).xlsx
"Может ли ФЛ подать заявку на выдачу дубликата ТУ на свой участок для заключения договора с ЭСКБ, если ТП в СНТ на балансе Башкирэнерго, а линии от ТП до дома - баланс председателя СНТ?","Если ТП СНТ подключено к Башкирэнерго в рамках коллективного договора ТП, заявителю откажут в выдаче ТУ и аннулируют заявку на ТПП по однократности. Так как его участок включен в акт ТП СНТ и коллективный договор энергоснабжения заключен с учетом данного потребителя. 
Если цель потребителя заключить прямой договор с ЭСКБ: он должен обратиться в ЭСКБ с документами, на основании п.34 ПП РФ 442. ЭСКБ не имеют права отказывать в заключении прямого договора. В случае отказа - требовать официальный отказ на бланке ЭСКБ и обращаться в ФАС. 
Если цель потребителя провести прямое ТПП от БЭ, он должен:
1. Официально выйти из СНТ, 
2. Официально отключить э/э путем расторжения договора энергоснабжения и исключения его из коллективного договора энергоснабжения с ЭСКБ.
3. Официально исключить участок потребителя из актов ТП, путем переоформления актов в СО (переоформленные акты должны быть составлены с учетом вычета мощности ранее подключенной потребителем)
После всех этих процедур потребитель имеет право подать заявку на ТПП в качестве ФЛ.",discussion (4).xlsx
"1. Наряду с удостоверением, подтверждающим статус многодетной семьи в Российской Федерации, единый образец которого утвержден распоряжением Правительства Российской Федерации от 29 июня 2024 г. №1725-р, подтверждение статуса многодетной семьи в Российской Федерации по месту требования может осуществляться посредством электронного удостоверения многодетной семьи в соответствии с Порядком, утвержденным Приказом  Минтруда России от 27.09.2024 № 513.
Подтверждением статуса многодетной семьи в Российской Федерации по месту требования считается визуализация сведений, подтверждающих отнесение гражданина и (или) членов его семьи к составу многодетной семьи:
1)  в мобильном приложении «Госуслуги» после считывания лицом, осуществляющим проверку, двухмерного штрихового кода (QR-кода) с использованием указанного мобильного приложения;
2) с применением программного обеспечения, интегрированного с Единой системой идентификации и аутентификации, после считывания лицом, осуществляющим проверку, двухмерного штрихового кода (QR-кода) с использованием специальных технических устройств.
Если у многодетной семьи уже имеется удостоверение многодетной семьи по ранее утвержденной форме, то его срок действия не прекращается до замены на новый бланк удостоверения. Таким образом, ранее выданные удостоверения (старого образца), действующие на момент подачи заявки, подлежат приему в качестве документа для предоставления льготы по технологическому присоединению. При обращении многодетной семьи с заявкой на технологическое присоединение в случае достижения старшего ребенка, указанного в удостоверении многодетной семьи, возраста от 18 до 23 лет, следует дополнительно запрашивать справку образовательной организации, подтверждающей обучение старшего ребенка по очной форме. В случае непредставления указанной справки с учебного заведения или достижения старшим ребенком, указанного в удостоверении, возраста более 23 лет, льгота не предоставляется.

2. Территориальные отделения Республиканского центра социальной поддержки населения начали выдавать справки для малоимущих семей с указанием целевого назначения – для осуществления технологического присоединения (пример образца прилагается).","Юристы ОПП обязаны принимать цифровой QR-код с Госуслуг. Наряду с удостоверением, подтверждающим статус многодетной семьи в Российской Федерации.
!!!Важно сообщать заявителям, что при формировании QR кода должны формироваться не только сведения о статусе многодетной семьи с номером удостоверения, но и информация о составе семьи родителях и детях.
 Если в составе семьи есть дети старше 18-ти лет, для подтверждения статуса многодетной семьи требуется приложить справку об очном обучении ребенка.",discussion (4).xlsx
